"","id","jobcat3"
"1",1,"3"
"2",3,"1"
"3",4,"3"
"4",5,"3"
"5",7,"3"
"6",9,"1"
"7",10,"1"
"8",11,"3"
"9",12,"3"
"10",15,"1"
"11",16,"2"
"12",17,"1"
"13",21,"1"
"14",23,"1"
"15",26,"1"
"16",27,"1"
"17",28,"1"
"18",29,"3"
"19",30,"1"
"20",31,"1"
"21",32,"2"
"22",35,"3"
"23",37,"1"
"24",39,"2"
"25",40,"1"
"26",41,"1"
"27",42,"3"
"28",43,"3"
"29",44,"1"
"30",45,"1"
"31",46,"1"
"32",49,"3"
"33",51,"2"
"34",52,"1"
"35",53,"2"
"36",55,"3"
"37",56,"3"
"38",57,"3"
"39",58,"3"
"40",61,"2"
"41",63,"1"
"42",65,"3"
"43",66,"3"
"44",68,"2"
"45",70,"2"
"46",72,"3"
"47",73,"1"
"48",75,"3"
"49",76,"1"
"50",78,"2"
"51",79,"1"
"52",80,"2"
"53",81,"1"
"54",82,"3"
"55",83,"1"
"56",84,"3"
"57",86,"3"
"58",87,"2"
"59",89,"3"
"60",90,"3"
"61",91,"1"
"62",93,"3"
"63",94,"3"
"64",95,"3"
"65",96,"2"
"66",97,"1"
"67",98,"2"
"68",100,"1"
"69",101,"2"
"70",103,"3"
"71",104,"2"
"72",106,"1"
"73",107,"2"
"74",108,"1"
"75",109,"2"
"76",110,"3"
"77",111,"1"
"78",113,"2"
"79",115,"1"
"80",118,"3"
"81",119,"3"
"82",127,"1"
"83",129,"3"
"84",130,"2"
"85",132,"2"
"86",133,"1"
"87",135,"2"
"88",136,"3"
"89",138,"2"
"90",139,"2"
"91",140,"1"
"92",141,"3"
"93",142,"1"
"94",143,"3"
"95",145,"1"
"96",146,"1"
"97",147,"1"
"98",150,"1"
"99",151,"3"
"100",152,"3"
"101",153,"2"
"102",156,"3"
"103",158,"2"
"104",160,"1"
"105",161,"2"
"106",162,"2"
"107",163,"2"
"108",165,"3"
"109",167,"3"
"110",168,"3"
"111",169,"3"
"112",172,"1"
"113",174,"1"
"114",177,"3"
"115",179,"1"
"116",181,"1"
"117",182,"1"
"118",183,"2"
"119",184,"1"
"120",185,"3"
"121",188,"1"
"122",189,"3"
"123",191,"2"
"124",192,"2"
"125",193,"1"
"126",195,"3"
"127",197,"1"
"128",198,"1"
"129",199,"1"
"130",200,"1"
"131",201,"1"
"132",204,"3"
"133",205,"3"
"134",206,"3"
"135",210,"3"
"136",211,"1"
"137",212,"3"
"138",213,"1"
"139",214,"3"
"140",217,"3"
"141",218,"1"
"142",219,"1"
"143",222,"2"
"144",224,"1"
"145",225,"3"
"146",226,"3"
"147",227,"1"
"148",230,"1"
"149",231,"1"
"150",232,"1"
"151",233,"2"
"152",234,"1"
"153",235,"3"
"154",239,"1"
"155",240,"1"
"156",241,"3"
"157",242,"3"
"158",243,"3"
"159",244,"1"
"160",245,"1"
"161",246,"1"
"162",247,"3"
"163",248,"3"
"164",249,"3"
"165",251,"3"
"166",253,"1"
"167",255,"3"
"168",256,"2"
"169",257,"3"
"170",258,"2"
"171",260,"1"
"172",261,"1"
"173",265,"2"
"174",266,"1"
"175",268,"3"
"176",269,"3"
"177",270,"3"
"178",271,"1"
"179",272,"2"
"180",273,"1"
"181",274,"1"
"182",277,"1"
"183",278,"1"
"184",280,"2"
"185",282,"3"
"186",283,"1"
"187",286,"1"
"188",287,"1"
"189",288,"3"
"190",289,"3"
"191",290,"3"
"192",291,"1"
"193",292,"3"
"194",293,"3"
"195",294,"1"
"196",296,"1"
"197",297,"3"
"198",298,"3"
"199",299,"3"
"200",300,"1"
"201",303,"1"
"202",304,"3"
"203",306,"1"
"204",307,"3"
"205",310,"2"
"206",311,"3"
"207",312,"1"
"208",317,"3"
"209",320,"3"
"210",323,"3"
"211",324,"3"
"212",325,"3"
"213",329,"3"
"214",330,"1"
"215",332,"1"
"216",333,"1"
"217",334,"1"
"218",335,"1"
"219",338,"1"
"220",339,"2"
"221",340,"1"
"222",342,"2"
"223",343,"3"
"224",344,"2"
"225",346,"3"
"226",347,"1"
"227",349,"1"
"228",350,"3"
"229",351,"2"
"230",352,"3"
"231",354,"3"
"232",356,"3"
"233",358,"2"
"234",364,"2"
"235",365,"3"
"236",367,"3"
"237",368,"3"
"238",372,"3"
"239",373,"3"
"240",374,"1"
"241",376,"1"
"242",377,"1"
"243",381,"1"
"244",382,"1"
"245",383,"2"
"246",384,"1"
"247",385,"2"
"248",386,"3"
"249",387,"3"
"250",388,"1"
"251",391,"1"
"252",392,"3"
"253",393,"3"
"254",399,"2"
"255",403,"1"
"256",405,"3"
"257",406,"1"
"258",407,"2"
"259",408,"3"
"260",409,"1"
"261",410,"1"
"262",413,"2"
"263",414,"3"
"264",415,"2"
"265",419,"2"
"266",422,"3"
"267",425,"1"
"268",429,"2"
"269",430,"2"
"270",431,"2"
"271",434,"1"
"272",435,"3"
"273",436,"2"
"274",437,"3"
"275",439,"3"
"276",441,"3"
"277",444,"3"
"278",445,"1"
"279",446,"1"
"280",447,"1"
"281",448,"3"
"282",450,"3"
"283",455,"3"
"284",456,"2"
"285",457,"3"
"286",458,"1"
"287",459,"1"
"288",460,"3"
"289",461,"1"
"290",462,"1"
"291",465,"2"
"292",466,"1"
"293",467,"3"
"294",468,"1"
"295",469,"1"
"296",472,"3"
"297",473,"1"
"298",474,"2"
"299",475,"3"
"300",476,"3"
"301",478,"3"
"302",479,"1"
"303",480,"2"
"304",481,"3"
"305",482,"3"
"306",483,"3"
"307",484,"2"
"308",485,"3"
"309",486,"3"
"310",487,"3"
"311",488,"2"
"312",489,"1"
"313",491,"2"
"314",493,"3"
"315",494,"1"
"316",495,"3"
"317",497,"3"
"318",498,"3"
"319",499,"3"
"320",501,"2"
"321",504,"3"
"322",505,"3"
"323",507,"3"
"324",508,"3"
"325",509,"3"
"326",510,"1"
"327",511,"1"
"328",514,"2"
"329",519,"3"
"330",521,"3"
"331",522,"2"
"332",525,"1"
"333",526,"1"
"334",527,"2"
"335",528,"3"
"336",529,"3"
"337",530,"3"
"338",531,"3"
"339",532,"2"
"340",533,"3"
"341",534,"1"
"342",535,"3"
"343",536,"1"
"344",538,"1"
"345",539,"1"
"346",541,"1"
"347",542,"3"
"348",544,"3"
"349",545,"3"
"350",546,"3"
"351",548,"3"
"352",549,"3"
"353",551,"1"
"354",552,"1"
"355",553,"2"
"356",554,"1"
"357",556,"2"
"358",557,"2"
"359",558,"3"
"360",563,"1"
"361",564,"1"
"362",566,"1"
"363",567,"1"
"364",568,"3"
"365",569,"3"
"366",570,"1"
"367",571,"3"
"368",572,"1"
"369",574,"1"
"370",575,"3"
"371",576,"1"
"372",577,"3"
"373",578,"3"
"374",579,"1"
"375",580,"2"
"376",581,"1"
"377",583,"2"
"378",584,"1"
"379",589,"3"
"380",590,"3"
"381",591,"2"
"382",592,"3"
"383",593,"3"
"384",594,"3"
"385",596,"1"
"386",597,"3"
"387",599,"3"
"388",600,"2"
"389",601,"3"
"390",604,"3"
"391",605,"2"
"392",606,"3"
"393",607,"2"
"394",608,"3"
"395",610,"3"
"396",612,"3"
"397",613,"1"
"398",615,"1"
"399",617,"1"
"400",622,"1"
"401",623,"1"
"402",624,"3"
"403",625,"2"
"404",626,"3"
"405",627,"3"
"406",629,"3"
"407",630,"3"
"408",631,"2"
"409",635,"1"
"410",638,"1"
"411",639,"2"
"412",640,"3"
"413",641,"3"
"414",642,"1"
"415",643,"3"
"416",644,"3"
"417",645,"3"
"418",646,"1"
"419",647,"1"
"420",648,"3"
"421",650,"3"
"422",653,"3"
"423",654,"3"
"424",655,"3"
"425",656,"1"
"426",658,"3"
"427",661,"1"
"428",662,"3"
"429",663,"3"
"430",664,"3"
"431",665,"2"
"432",666,"2"
"433",667,"1"
"434",668,"1"
"435",669,"2"
"436",670,"3"
"437",672,"1"
"438",673,"3"
"439",674,"2"
"440",675,"3"
"441",676,"1"
"442",677,"2"
"443",678,"1"
"444",679,"3"
"445",680,"3"
"446",681,"3"
"447",682,"3"
"448",683,"3"
"449",684,"3"
"450",686,"3"
"451",687,"3"
"452",688,"3"
"453",690,"1"
"454",691,"3"
"455",692,"3"
"456",693,"3"
"457",694,"3"
"458",695,"2"
"459",697,"3"
"460",698,"2"
"461",700,"3"
"462",701,"3"
"463",704,"1"
"464",705,"1"
"465",706,"3"
"466",708,"3"
"467",711,"3"
"468",712,"3"
"469",713,"1"
"470",714,"3"
"471",715,"3"
"472",716,"2"
"473",718,"3"
"474",719,"3"
"475",720,"3"
"476",721,"3"
"477",722,"3"
"478",723,"1"
"479",724,"1"
"480",725,"1"
"481",728,"3"
"482",729,"1"
"483",730,"1"
"484",731,"3"
"485",733,"3"
"486",735,"1"
"487",736,"2"
"488",739,"3"
"489",740,"3"
"490",741,"3"
"491",743,"2"
"492",745,"3"
"493",746,"2"
"494",747,"1"
"495",751,"1"
"496",754,"3"
"497",755,"2"
"498",757,"2"
"499",759,"3"
"500",760,"3"
"501",761,"3"
"502",762,"3"
"503",763,"1"
"504",764,"3"
"505",765,"3"
"506",766,"3"
"507",767,"2"
"508",769,"3"
"509",770,"3"
"510",771,"3"
"511",772,"1"
"512",773,"2"
"513",775,"2"
"514",776,"3"
"515",777,"3"
"516",779,"3"
"517",780,"2"
"518",781,"3"
"519",782,"3"
"520",784,"3"
"521",786,"1"
"522",788,"1"
"523",789,"3"
"524",790,"3"
"525",791,"3"
"526",792,"3"
"527",794,"3"
"528",796,"2"
"529",797,"2"
"530",802,"2"
"531",803,"1"
"532",804,"3"
"533",806,"3"
"534",809,"3"
"535",810,"3"
"536",811,"2"
"537",812,"3"
"538",814,"1"
"539",815,"3"
"540",816,"3"
"541",817,"1"
"542",818,"1"
"543",819,"2"
"544",822,"1"
"545",823,"1"
"546",824,"3"
"547",825,"2"
"548",826,"3"
"549",828,"3"
"550",829,"2"
"551",830,"1"
"552",832,"3"
"553",833,"3"
"554",834,"1"
"555",835,"1"
"556",836,"2"
"557",837,"1"
"558",838,"3"
"559",839,"2"
"560",842,"3"
"561",843,"3"
"562",844,"3"
"563",846,"2"
"564",847,"3"
"565",848,"3"
"566",851,"3"
"567",853,"1"
"568",854,"2"
"569",855,"3"
"570",856,"3"
"571",857,"2"
"572",858,"3"
"573",859,"3"
"574",860,"3"
"575",862,"1"
"576",863,"1"
"577",865,"1"
"578",866,"3"
"579",870,"1"
"580",871,"1"
"581",872,"3"
"582",874,"2"
"583",876,"2"
"584",877,"1"
"585",879,"3"
"586",880,"3"
"587",881,"1"
"588",882,"1"
"589",883,"3"
"590",885,"2"
"591",886,"3"
"592",887,"3"
"593",890,"3"
"594",891,"1"
"595",892,"2"
"596",894,"2"
"597",895,"1"
"598",897,"2"
"599",898,"3"
"600",899,"2"
"601",904,"3"
"602",905,"3"
"603",906,"3"
"604",907,"3"
"605",908,"3"
"606",909,"3"
"607",910,"2"
"608",912,"2"
"609",913,"2"
"610",914,"3"
"611",916,"3"
"612",917,"1"
"613",919,"1"
"614",920,"3"
"615",924,"1"
"616",927,"1"
"617",928,"3"
"618",929,"2"
"619",930,"2"
"620",932,"3"
"621",933,"1"
"622",934,"3"
"623",935,"1"
"624",936,"2"
"625",937,"3"
"626",939,"1"
"627",940,"1"
"628",942,"3"
"629",947,"3"
"630",948,"2"
"631",949,"1"
"632",950,"3"
"633",955,"1"
"634",956,"3"
"635",957,"1"
"636",958,"3"
"637",959,"2"
"638",963,"3"
"639",964,"3"
"640",965,"3"
"641",966,"1"
"642",967,"1"
"643",970,"3"
"644",972,"3"
"645",973,"2"
"646",974,"3"
"647",976,"3"
"648",977,"3"
"649",978,"3"
"650",979,"1"
"651",980,"3"
"652",981,"3"
"653",982,"3"
"654",985,"3"
"655",987,"2"
"656",990,"3"
"657",991,"2"
"658",992,"3"
"659",993,"3"
"660",995,"3"
"661",997,"2"
"662",998,"3"
"663",999,"1"
"664",1000,"2"
"665",1001,"2"
"666",1002,"3"
"667",1004,"1"
"668",1005,"1"
"669",1007,"3"
"670",1008,"3"
"671",1012,"2"
"672",1013,"3"
"673",1015,"3"
"674",1020,"1"
"675",1021,"1"
"676",1023,"1"
"677",1024,"2"
"678",1026,"1"
"679",1027,"3"
"680",1028,"3"
"681",1029,"3"
"682",1031,"1"
"683",1033,"3"
"684",1034,"2"
"685",1035,"3"
"686",1036,"2"
"687",1037,"1"
"688",1038,"3"
"689",1039,"1"
"690",1041,"2"
"691",1042,"3"
"692",1043,"1"
"693",1044,"3"
"694",1045,"2"
"695",1047,"3"
"696",1048,"2"
"697",1049,"1"
"698",1050,"3"
"699",1052,"3"
"700",1053,"1"
"701",1054,"1"
"702",1055,"1"
"703",1057,"3"
"704",1058,"3"
"705",1059,"2"
"706",1060,"2"
"707",1061,"3"
"708",1063,"2"
"709",1064,"3"
"710",1065,"3"
"711",1067,"2"
"712",1068,"3"
"713",1070,"2"
"714",1071,"2"
"715",1072,"1"
"716",1073,"1"
"717",1076,"2"
"718",1078,"3"
"719",1079,"1"
"720",1082,"1"
"721",1083,"1"
"722",1084,"3"
"723",1086,"2"
"724",1087,"3"
"725",1088,"3"
"726",1089,"1"
"727",1090,"3"
"728",1096,"1"
"729",1098,"3"
"730",1099,"1"
"731",1100,"3"
"732",1103,"3"
"733",1105,"1"
"734",1106,"1"
"735",1107,"1"
"736",1109,"3"
"737",1110,"2"
"738",1112,"3"
"739",1113,"1"
"740",1114,"3"
"741",1115,"1"
"742",1116,"2"
"743",1118,"3"
"744",1119,"3"
"745",1121,"3"
"746",1122,"3"
"747",1123,"1"
"748",1126,"1"
"749",1127,"1"
"750",1128,"1"
"751",1129,"1"
"752",1130,"1"
"753",1131,"1"
"754",1132,"1"
"755",1134,"2"
"756",1135,"3"
"757",1137,"3"
"758",1139,"1"
"759",1140,"2"
"760",1143,"3"
"761",1144,"1"
"762",1145,"1"
"763",1146,"3"
"764",1147,"3"
"765",1148,"3"
"766",1149,"3"
"767",1150,"2"
"768",1151,"2"
"769",1154,"2"
"770",1155,"3"
"771",1156,"1"
"772",1157,"3"
"773",1158,"3"
"774",1159,"1"
"775",1160,"1"
"776",1161,"3"
"777",1162,"2"
"778",1166,"2"
"779",1167,"2"
"780",1169,"1"
"781",1170,"3"
"782",1171,"2"
"783",1172,"3"
"784",1174,"3"
"785",1176,"1"
"786",1177,"3"
"787",1178,"3"
"788",1180,"2"
"789",1181,"3"
"790",1182,"3"
"791",1183,"1"
"792",1184,"3"
"793",1185,"1"
"794",1187,"3"
"795",1190,"3"
"796",1192,"1"
"797",1193,"1"
"798",1194,"3"
"799",1198,"2"
"800",1200,"1"
"801",1201,"3"
"802",1204,"3"
"803",1206,"3"
"804",1207,"3"
"805",1208,"3"
"806",1209,"2"
"807",1210,"3"
"808",1211,"3"
"809",1212,"3"
"810",1214,"3"
"811",1215,"3"
"812",1216,"3"
"813",1217,"3"
"814",1218,"1"
"815",1221,"3"
"816",1222,"3"
"817",1224,"1"
"818",1225,"3"
"819",1228,"3"
"820",1229,"3"
"821",1230,"3"
"822",1231,"3"
"823",1234,"3"
"824",1235,"3"
"825",1237,"1"
"826",1238,"3"
"827",1239,"1"
"828",1240,"1"
"829",1241,"3"
"830",1242,"3"
"831",1243,"3"
"832",1244,"3"
"833",1245,"3"
"834",1248,"3"
"835",1249,"3"
"836",1250,"3"
"837",1251,"1"
"838",1252,"2"
"839",1254,"2"
"840",1255,"1"
"841",1256,"1"
"842",1257,"1"
"843",1258,"3"
"844",1259,"3"
"845",1261,"2"
"846",1262,"2"
"847",1264,"1"
"848",1265,"3"
"849",1266,"3"
"850",1267,"3"
"851",1268,"3"
"852",1270,"2"
"853",1271,"3"
"854",1272,"1"
"855",1273,"1"
"856",1276,"3"
"857",1277,"3"
"858",1279,"2"
"859",1280,"3"
"860",1281,"3"
"861",1282,"3"
"862",1284,"2"
"863",1286,"3"
"864",1288,"3"
"865",1289,"2"
"866",1290,"1"
"867",1291,"2"
"868",1293,"1"
"869",1294,"3"
"870",1295,"2"
"871",1297,"3"
"872",1298,"1"
"873",1299,"3"
"874",1300,"1"
"875",1302,"3"
"876",1303,"3"
"877",1304,"3"
"878",1305,"3"
"879",1307,"3"
"880",1308,"3"
"881",1309,"3"
"882",1311,"3"
"883",1312,"2"
"884",1314,"2"
"885",1316,"3"
"886",1317,"3"
"887",1318,"3"
"888",1320,"1"
"889",1321,"1"
"890",1322,"2"
"891",1323,"1"
"892",1324,"2"
"893",1325,"2"
"894",1326,"1"
"895",1327,"3"
"896",1328,"1"
"897",1331,"3"
"898",1332,"3"
"899",1335,"1"
"900",1336,"3"
"901",1337,"1"
"902",1339,"3"
"903",1340,"3"
"904",1343,"2"
"905",1344,"3"
"906",1345,"3"
"907",1346,"3"
"908",1347,"3"
"909",1348,"3"
"910",1349,"2"
"911",1350,"3"
"912",1351,"1"
"913",1353,"2"
"914",1354,"3"
"915",1355,"3"
"916",1356,"1"
"917",1358,"2"
"918",1361,"2"
"919",1362,"2"
"920",1364,"3"
"921",1365,"3"
"922",1366,"2"
"923",1367,"3"
"924",1370,"3"
"925",1371,"3"
"926",1372,"3"
"927",1374,"3"
"928",1375,"3"
"929",1376,"3"
"930",1377,"2"
"931",1380,"3"
"932",1382,"1"
"933",1383,"2"
"934",1386,"3"
"935",1387,"1"
"936",1388,"1"
"937",1390,"2"
"938",1391,"3"
"939",1392,"2"
"940",1393,"1"
"941",1394,"1"
"942",1395,"1"
"943",1398,"1"
"944",1399,"1"
"945",1400,"1"
"946",1401,"1"
"947",1403,"2"
"948",1404,"1"
"949",1405,"3"
"950",1406,"1"
"951",1407,"2"
"952",1409,"3"
"953",1410,"3"
"954",1411,"3"
"955",1412,"3"
"956",1413,"1"
"957",1415,"3"
"958",1417,"1"
"959",1418,"3"
"960",1419,"3"
"961",1420,"3"
"962",1422,"1"
"963",1423,"2"
"964",1424,"1"
"965",1426,"1"
"966",1430,"2"
"967",1431,"3"
"968",1433,"3"
"969",1434,"3"
"970",1435,"2"
"971",1436,"2"
"972",1437,"1"
"973",1440,"2"
"974",1441,"1"
"975",1442,"1"
"976",1444,"3"
"977",1446,"2"
"978",1447,"2"
"979",1448,"1"
"980",1449,"3"
"981",1450,"3"
"982",1452,"1"
"983",1453,"1"
"984",1454,"2"
"985",1455,"3"
"986",1457,"1"
"987",1458,"3"
"988",1460,"3"
"989",1462,"3"
"990",1463,"3"
"991",1464,"1"
"992",1465,"3"
"993",1467,"2"
"994",1468,"3"
"995",1469,"1"
"996",1470,"2"
"997",1472,"3"
"998",1474,"2"
"999",1475,"3"
"1000",1476,"2"
"1001",1477,"3"
"1002",1478,"3"
"1003",1479,"2"
"1004",1482,"2"
"1005",1486,"3"
"1006",1487,"3"
"1007",1488,"2"
"1008",1489,"3"
"1009",1490,"3"
"1010",1491,"3"
"1011",1492,"3"
"1012",1493,"1"
"1013",1495,"3"
"1014",1496,"1"
"1015",1498,"3"
"1016",1501,"3"
"1017",1505,"3"
"1018",1506,"1"
"1019",1507,"3"
"1020",1508,"3"
"1021",1509,"1"
"1022",1510,"3"
"1023",1513,"3"
"1024",1515,"3"
"1025",1517,"3"
"1026",1519,"1"
"1027",1520,"3"
"1028",1523,"3"
"1029",1524,"2"
"1030",1525,"3"
"1031",1528,"3"
"1032",1530,"3"
"1033",1531,"3"
"1034",1533,"3"
"1035",1534,"1"
"1036",1537,"3"
"1037",1538,"2"
"1038",1539,"1"
"1039",1540,"3"
"1040",1547,"3"
"1041",1548,"1"
"1042",1550,"3"
"1043",1551,"3"
"1044",1552,"1"
"1045",1553,"1"
"1046",1554,"2"
"1047",1556,"3"
"1048",1558,"1"
"1049",1560,"2"
"1050",1561,"1"
"1051",1562,"1"
"1052",1564,"3"
"1053",1565,"3"
"1054",1566,"3"
"1055",1567,"2"
"1056",1568,"1"
"1057",1569,"3"
"1058",1570,"3"
"1059",1571,"3"
"1060",1572,"3"
"1061",1574,"3"
"1062",1576,"1"
"1063",1577,"3"
"1064",1580,"1"
"1065",1584,"1"
"1066",1585,"2"
"1067",1587,"2"
"1068",1588,"1"
"1069",1592,"1"
"1070",1594,"3"
"1071",1595,"3"
"1072",1601,"1"
"1073",1603,"3"
"1074",1604,"2"
"1075",1605,"3"
"1076",1606,"3"
"1077",1607,"3"
"1078",1609,"2"
"1079",1611,"3"
"1080",1612,"3"
"1081",1613,"1"
"1082",1614,"3"
"1083",1615,"1"
"1084",1616,"2"
"1085",1618,"3"
"1086",1619,"3"
"1087",1620,"2"
"1088",1621,"3"
"1089",1624,"3"
"1090",1625,"1"
"1091",1628,"3"
"1092",1629,"1"
"1093",1630,"3"
"1094",1631,"1"
"1095",1632,"1"
"1096",1633,"3"
"1097",1634,"3"
"1098",1635,"3"
"1099",1636,"1"
"1100",1638,"3"
"1101",1641,"1"
"1102",1643,"1"
"1103",1645,"3"
"1104",1646,"1"
"1105",1647,"3"
"1106",1649,"1"
"1107",1653,"3"
"1108",1658,"2"
"1109",1659,"1"
"1110",1661,"2"
"1111",1662,"3"
"1112",1667,"2"
"1113",1668,"3"
"1114",1669,"2"
"1115",1670,"3"
"1116",1671,"3"
"1117",1672,"2"
"1118",1673,"1"
"1119",1674,"1"
"1120",1675,"3"
"1121",1676,"1"
"1122",1677,"3"
"1123",1678,"1"
"1124",1679,"1"
"1125",1680,"3"
"1126",1682,"3"
"1127",1683,"3"
"1128",1684,"1"
"1129",1685,"3"
"1130",1686,"3"
"1131",1688,"3"
"1132",1692,"3"
"1133",1695,"1"
"1134",1699,"3"
"1135",1701,"3"
"1136",1703,"3"
"1137",1704,"2"
"1138",1705,"1"
"1139",1706,"1"
"1140",1707,"1"
"1141",1712,"3"
"1142",1713,"1"
"1143",1714,"1"
"1144",1715,"3"
"1145",1716,"2"
"1146",1717,"3"
"1147",1718,"3"
"1148",1719,"3"
"1149",1720,"1"
"1150",1721,"3"
"1151",1722,"3"
"1152",1723,"3"
"1153",1725,"3"
"1154",1727,"3"
"1155",1729,"3"
"1156",1730,"1"
"1157",1732,"2"
"1158",1733,"1"
"1159",1735,"3"
"1160",1736,"3"
"1161",1738,"1"
"1162",1739,"1"
"1163",1741,"3"
"1164",1743,"2"
"1165",1747,"3"
"1166",1749,"1"
"1167",1750,"1"
"1168",1751,"1"
"1169",1756,"1"
"1170",1757,"3"
"1171",1759,"2"
"1172",1760,"1"
"1173",1762,"3"
"1174",1763,"2"
"1175",1766,"3"
"1176",1767,"1"
"1177",1769,"3"
"1178",1771,"1"
"1179",1772,"1"
"1180",1773,"1"
"1181",1774,"2"
"1182",1775,"3"
"1183",1779,"2"
"1184",1782,"1"
"1185",1783,"3"
"1186",1784,"2"
"1187",1785,"1"
"1188",1788,"3"
"1189",1790,"2"
"1190",1791,"2"
"1191",1792,"3"
"1192",1794,"1"
"1193",1795,"1"
"1194",1798,"2"
"1195",1799,"1"
"1196",1801,"2"
"1197",1804,"3"
"1198",1806,"1"
"1199",1807,"2"
"1200",1809,"1"
"1201",1810,"1"
"1202",1812,"3"
"1203",1814,"3"
"1204",1817,"3"
"1205",1819,"3"
"1206",1821,"2"
"1207",1822,"1"
"1208",1824,"3"
"1209",1825,"3"
"1210",1829,"3"
"1211",1830,"1"
"1212",1833,"3"
"1213",1837,"1"
"1214",1838,"2"
"1215",1841,"2"
"1216",1842,"2"
"1217",1843,"2"
"1218",1844,"3"
"1219",1845,"3"
"1220",1846,"3"
"1221",1849,"1"
"1222",1850,"3"
"1223",1853,"3"
"1224",1854,"3"
"1225",1856,"3"
"1226",1858,"3"
"1227",1860,"3"
"1228",1861,"1"
"1229",1862,"1"
"1230",1865,"3"
"1231",1867,"2"
"1232",1868,"1"
"1233",1869,"3"
"1234",1871,"3"
"1235",1872,"3"
"1236",1875,"3"
"1237",1877,"1"
"1238",1879,"3"
"1239",1880,"3"
"1240",1881,"3"
"1241",1882,"1"
"1242",1883,"1"
"1243",1884,"3"
"1244",1885,"3"
"1245",1887,"1"
"1246",1888,"2"
"1247",1889,"1"
"1248",1891,"1"
"1249",1892,"3"
"1250",1893,"3"
"1251",1895,"1"
"1252",1897,"3"
"1253",1898,"3"
"1254",1899,"1"
"1255",1900,"1"
"1256",1902,"3"
"1257",1903,"1"
"1258",1904,"1"
"1259",1905,"1"
"1260",1908,"3"
"1261",1909,"3"
"1262",1910,"3"
"1263",1914,"3"
"1264",1915,"3"
"1265",1916,"1"
"1266",1917,"3"
"1267",1920,"3"
"1268",1921,"3"
"1269",1923,"1"
"1270",1925,"1"
"1271",1927,"1"
"1272",1928,"2"
"1273",1929,"2"
"1274",1931,"1"
"1275",1932,"3"
"1276",1933,"1"
"1277",1934,"3"
"1278",1935,"3"
"1279",1937,"3"
"1280",1939,"3"
"1281",1940,"3"
"1282",1941,"3"
"1283",1943,"2"
"1284",1946,"1"
"1285",1948,"3"
"1286",1949,"1"
"1287",1950,"1"
"1288",1953,"1"
"1289",1954,"3"
"1290",1956,"3"
"1291",1957,"1"
"1292",1959,"1"
"1293",1960,"3"
"1294",1961,"3"
"1295",1962,"1"
"1296",1963,"3"
"1297",1964,"1"
"1298",1965,"3"
"1299",1967,"1"
"1300",1968,"1"
"1301",1969,"3"
"1302",1970,"3"
"1303",1973,"3"
"1304",1974,"1"
"1305",1976,"1"
"1306",1977,"2"
"1307",1978,"3"
"1308",1979,"1"
"1309",1981,"1"
"1310",1982,"2"
"1311",1983,"2"
"1312",1984,"1"
"1313",1985,"3"
"1314",1986,"2"
"1315",1989,"3"
"1316",1990,"1"
"1317",1991,"1"
"1318",1992,"2"
"1319",1994,"1"
"1320",1997,"2"
"1321",1998,"1"
"1322",1999,"3"
"1323",2000,"3"
"1324",2002,"3"
"1325",2005,"3"
"1326",2006,"2"
"1327",2007,"2"
"1328",2008,"1"
"1329",2009,"3"
"1330",2012,"1"
"1331",2014,"3"
"1332",2015,"1"
"1333",2018,"2"
"1334",2019,"1"
"1335",2020,"1"
"1336",2021,"1"
"1337",2022,"3"
"1338",2026,"1"
"1339",2027,"1"
"1340",2030,"2"
"1341",2031,"2"
"1342",2032,"3"
"1343",2033,"3"
"1344",2035,"2"
"1345",2036,"1"
"1346",2038,"1"
"1347",2039,"3"
"1348",2040,"3"
"1349",2041,"3"
"1350",2042,"1"
"1351",2044,"3"
"1352",2045,"1"
"1353",2046,"2"
"1354",2047,"1"
"1355",2048,"3"
"1356",2049,"3"
"1357",2052,"1"
"1358",2054,"1"
"1359",2055,"3"
"1360",2056,"3"
"1361",3006,"2"
"1362",3007,"1"
"1363",3009,"1"
"1364",3012,"3"
"1365",3013,"1"
"1366",3014,"3"
"1367",3017,"1"
"1368",3019,"1"
"1369",3029,"1"
"1370",3030,"1"
"1371",3033,"2"
"1372",3034,"1"
"1373",3035,"3"
"1374",3036,"1"
"1375",3038,"2"
"1376",3040,"3"
"1377",3041,"1"
"1378",3043,"1"
"1379",3044,"3"
"1380",3045,"2"
"1381",3047,"3"
"1382",3051,"1"
"1383",3053,"1"
"1384",3056,"3"
"1385",3057,"1"
"1386",3060,"3"
"1387",3061,"1"
"1388",3062,"1"
"1389",3066,"1"
"1390",3070,"1"
"1391",3071,"3"
"1392",3072,"1"
"1393",3076,"1"
"1394",3077,"3"
"1395",3078,"1"
"1396",3079,"1"
"1397",3080,"2"
"1398",3082,"3"
"1399",3084,"1"
"1400",3087,"2"
"1401",3089,"1"
"1402",3091,"2"
"1403",3092,"1"
"1404",3093,"3"
"1405",3094,"1"
"1406",3095,"2"
"1407",3097,"2"
"1408",3098,"2"
"1409",3102,"2"
"1410",3103,"3"
"1411",3104,"3"
"1412",3109,"1"
"1413",3110,"1"
"1414",3111,"3"
"1415",3112,"3"
"1416",3117,"3"
"1417",3118,"1"
"1418",3119,"3"
"1419",3120,"3"
"1420",3122,"2"
"1421",3123,"1"
"1422",3125,"1"
"1423",3126,"1"
"1424",3128,"3"
"1425",3131,"1"
"1426",3132,"3"
"1427",3133,"1"
"1428",3136,"3"
"1429",3137,"1"
"1430",3139,"1"
"1431",3140,"3"
"1432",3141,"2"
"1433",3142,"3"
"1434",3144,"1"
"1435",3145,"1"
"1436",3148,"3"
"1437",3150,"1"
"1438",3157,"1"
"1439",3158,"1"
"1440",3160,"2"
"1441",3162,"2"
"1442",3164,"1"
"1443",3165,"1"
"1444",3166,"3"
"1445",3167,"1"
"1446",3168,"1"
"1447",3171,"3"
"1448",3173,"1"
"1449",3174,"1"
"1450",3177,"1"
"1451",3178,"3"
"1452",3180,"1"
"1453",3181,"3"
"1454",3183,"2"
"1455",3184,"1"
"1456",3186,"1"
"1457",3187,"2"
"1458",3188,"1"
"1459",3189,"2"
"1460",3190,"1"
"1461",3192,"2"
"1462",3193,"1"
"1463",3195,"1"
"1464",3196,"3"
"1465",3197,"1"
"1466",3199,"1"
"1467",3200,"2"
"1468",3201,"1"
"1469",3202,"1"
"1470",3203,"3"
"1471",3204,"1"
"1472",3205,"2"
"1473",3207,"2"
"1474",3208,"3"
"1475",3209,"1"
"1476",3210,"3"
"1477",3211,"3"
"1478",3212,"1"
"1479",3215,"2"
"1480",3217,"1"
"1481",3218,"3"
"1482",3219,"1"
"1483",3221,"3"
"1484",3222,"2"
"1485",3223,"1"
"1486",3224,"2"
"1487",3225,"2"
"1488",3226,"3"
"1489",3228,"1"
"1490",3229,"2"
"1491",3230,"1"
"1492",3231,"1"
"1493",3233,"1"
"1494",3234,"2"
"1495",3236,"1"
"1496",3238,"1"
"1497",3239,"1"
"1498",3240,"3"
"1499",3243,"3"
"1500",3244,"1"
"1501",3246,"3"
"1502",3248,"3"
"1503",3252,"2"
"1504",3253,"1"
"1505",3254,"2"
"1506",3255,"1"
"1507",3256,"1"
"1508",3260,"2"
"1509",3261,"1"
"1510",3262,"1"
"1511",3264,"1"
"1512",3265,"1"
"1513",3268,"3"
"1514",3269,"1"
"1515",3270,"1"
"1516",3272,"3"
"1517",3274,"1"
"1518",3276,"3"
"1519",3278,"2"
"1520",3281,"2"
"1521",3285,"1"
"1522",3287,"1"
"1523",3289,"1"
"1524",3291,"1"
"1525",3292,"2"
"1526",3295,"1"
"1527",3297,"3"
"1528",3298,"3"
"1529",3299,"3"
"1530",3301,"1"
"1531",3302,"1"
"1532",3305,"2"
"1533",3309,"2"
"1534",3310,"1"
"1535",3313,"3"
"1536",3314,"2"
"1537",3315,"1"
"1538",3319,"1"
"1539",3320,"1"
"1540",3321,"3"
"1541",3324,"3"
"1542",3325,"1"
"1543",3329,"3"
"1544",3331,"3"
"1545",3333,"1"
"1546",3337,"3"
"1547",3339,"3"
"1548",3342,"3"
"1549",3343,"3"
"1550",3344,"1"
"1551",3345,"1"
"1552",3346,"1"
"1553",3348,"1"
"1554",3351,"1"
"1555",3352,"1"
"1556",3356,"1"
"1557",3358,"2"
"1558",3360,"2"
"1559",3361,"3"
"1560",3363,"1"
"1561",3365,"3"
"1562",3366,"3"
"1563",3367,"1"
"1564",3368,"3"
"1565",3369,"1"
"1566",3370,"3"
"1567",3372,"3"
"1568",3375,"1"
"1569",3376,"2"
"1570",3378,"3"
"1571",3379,"1"
"1572",3381,"1"
"1573",3386,"2"
"1574",3389,"2"
"1575",3390,"3"
"1576",3391,"3"
"1577",3392,"2"
"1578",3395,"1"
"1579",3396,"3"
"1580",3397,"3"
"1581",3398,"1"
"1582",3400,"2"
"1583",3401,"3"
"1584",3402,"2"
"1585",3405,"1"
"1586",3406,"1"
"1587",3410,"3"
"1588",3412,"2"
"1589",3413,"1"
"1590",3414,"1"
"1591",3415,"3"
"1592",3420,"1"
"1593",3423,"2"
"1594",3426,"1"
"1595",3427,"3"
"1596",3428,"3"
"1597",3429,"3"
"1598",3430,"3"
"1599",3431,"3"
"1600",3434,"1"
"1601",3435,"1"
"1602",3437,"2"
"1603",3438,"1"
"1604",3439,"1"
"1605",3442,"3"
"1606",3444,"1"
"1607",3446,"3"
"1608",3448,"2"
"1609",3449,"1"
"1610",3450,"1"
"1611",3452,"2"
"1612",3454,"1"
"1613",3456,"2"
"1614",3458,"1"
"1615",3459,"2"
"1616",3460,"2"
"1617",3464,"1"
"1618",3465,"2"
"1619",3468,"1"
"1620",3469,"2"
"1621",3471,"1"
"1622",3473,"3"
"1623",3475,"1"
"1624",3476,"1"
"1625",3479,"1"
"1626",3480,"2"
"1627",3483,"3"
"1628",3488,"3"
"1629",3490,"2"
"1630",3493,"2"
"1631",3497,"3"
"1632",3498,"2"
"1633",3499,"3"
"1634",3501,"3"
"1635",3508,"3"
"1636",3509,"1"
"1637",3512,"3"
"1638",3513,"1"
"1639",3517,"3"
"1640",3519,"1"
"1641",3522,"3"
"1642",3524,"3"
"1643",3526,"1"
"1644",3528,"1"
"1645",3529,"1"
"1646",3530,"3"
"1647",3531,"3"
"1648",3532,"2"
"1649",3534,"1"
"1650",3535,"3"
"1651",3540,"1"
"1652",3542,"1"
"1653",3544,"1"
"1654",3546,"1"
"1655",3547,"1"
"1656",3548,"3"
"1657",3550,"1"
"1658",3551,"1"
"1659",3553,"2"
"1660",3554,"1"
"1661",3559,"2"
"1662",3561,"1"
"1663",3562,"1"
"1664",3566,"3"
"1665",3568,"2"
"1666",3571,"1"
"1667",3572,"1"
"1668",3574,"1"
"1669",3577,"3"
"1670",3581,"3"
"1671",3582,"1"
"1672",3583,"3"
"1673",3585,"2"
"1674",3587,"1"
"1675",3590,"1"
"1676",3591,"1"
"1677",3592,"2"
"1678",3595,"2"
"1679",3599,"3"
"1680",3601,"1"
"1681",3602,"1"
"1682",3606,"1"
"1683",3608,"1"
"1684",3613,"2"
"1685",3614,"1"
"1686",3617,"1"
"1687",3618,"1"
"1688",3622,"1"
"1689",3626,"1"
"1690",3627,"1"
"1691",3631,"1"
"1692",3632,"2"
"1693",3636,"3"
"1694",3639,"3"
"1695",3645,"3"
"1696",3647,"3"
"1697",3648,"1"
"1698",3649,"2"
"1699",3656,"1"
"1700",3660,"3"
"1701",3661,"2"
"1702",3666,"3"
"1703",3671,"1"
"1704",3672,"1"
"1705",3674,"2"
"1706",3678,"1"
"1707",3681,"2"
"1708",3682,"1"
"1709",3687,"1"
"1710",3691,"2"
"1711",3695,"3"
"1712",3696,"3"
"1713",3697,"2"
"1714",3699,"2"
"1715",3700,"1"
"1716",3701,"1"
"1717",3703,"2"
"1718",3704,"1"
"1719",3705,"3"
"1720",3707,"3"
"1721",3708,"1"
"1722",3709,"1"
"1723",3710,"3"
"1724",3711,"3"
"1725",3712,"2"
"1726",3713,"1"
"1727",3714,"1"
"1728",3716,"3"
"1729",3717,"3"
"1730",3725,"1"
"1731",3726,"3"
"1732",3727,"1"
"1733",3728,"3"
"1734",3730,"1"
"1735",3732,"1"
"1736",3734,"1"
"1737",3738,"2"
"1738",3740,"1"
"1739",3741,"3"
"1740",3744,"1"
"1741",3746,"1"
"1742",3747,"3"
"1743",3749,"3"
"1744",3751,"2"
"1745",3753,"2"
"1746",3755,"3"
"1747",3756,"3"
"1748",3761,"1"
"1749",3762,"1"
"1750",3763,"2"
"1751",3766,"3"
"1752",3768,"3"
"1753",3770,"3"
"1754",3772,"3"
"1755",3773,"1"
"1756",3777,"1"
"1757",3779,"3"
"1758",3782,"1"
"1759",3783,"1"
"1760",3792,"2"
"1761",3795,"1"
"1762",3799,"3"
"1763",3800,"2"
"1764",3801,"1"
"1765",3802,"3"
"1766",3803,"1"
"1767",3804,"1"
"1768",3809,"1"
"1769",3811,"3"
"1770",3812,"1"
"1771",3817,"1"
"1772",3823,"2"
"1773",3824,"1"
"1774",3825,"1"
"1775",3826,"3"
"1776",3834,"2"
"1777",3835,"1"
"1778",3838,"1"
"1779",3839,"1"
"1780",3840,"1"
"1781",3843,"1"
"1782",3844,"3"
"1783",3846,"1"
"1784",3848,"2"
"1785",3849,"3"
"1786",3855,"1"
"1787",3857,"1"
"1788",3858,"3"
"1789",3859,"1"
"1790",3860,"1"
"1791",3861,"3"
"1792",3863,"1"
"1793",3866,"1"
"1794",3867,"2"
"1795",3868,"1"
"1796",3869,"1"
"1797",3870,"1"
"1798",3872,"3"
"1799",3873,"2"
"1800",3876,"1"
"1801",3877,"3"
"1802",3878,"1"
"1803",3881,"3"
"1804",3882,"1"
"1805",3884,"2"
"1806",3888,"2"
"1807",3890,"1"
"1808",3892,"2"
"1809",3895,"1"
"1810",3897,"1"
"1811",3898,"1"
"1812",3899,"2"
"1813",3900,"1"
"1814",3901,"3"
"1815",3902,"1"
"1816",3904,"1"
"1817",3905,"1"
"1818",3906,"3"
"1819",3907,"3"
"1820",3909,"3"
"1821",3910,"3"
"1822",3913,"1"
"1823",3914,"1"
"1824",3917,"1"
"1825",3923,"2"
"1826",3925,"3"
"1827",3926,"3"
"1828",3927,"1"
"1829",3929,"3"
"1830",3930,"3"
"1831",3932,"1"
"1832",3937,"1"
"1833",3938,"1"
"1834",3941,"3"
"1835",3945,"1"
"1836",3946,"1"
"1837",3947,"1"
"1838",3948,"3"
"1839",3952,"3"
"1840",3954,"1"
"1841",3956,"1"
"1842",3959,"1"
"1843",3960,"1"
"1844",3961,"3"
"1845",3965,"1"
"1846",3968,"1"
"1847",3971,"3"
"1848",3972,"1"
"1849",3973,"1"
"1850",3974,"1"
"1851",3975,"1"
"1852",3976,"1"
"1853",3977,"2"
"1854",3981,"1"
"1855",3984,"3"
"1856",3986,"3"
"1857",3990,"2"
"1858",3991,"2"
"1859",3992,"3"
"1860",3996,"3"
"1861",3997,"1"
"1862",3998,"2"
"1863",3999,"2"
"1864",4001,"3"
"1865",4005,"1"
"1866",4013,"1"
"1867",4014,"1"
"1868",4016,"3"
"1869",4019,"3"
"1870",4020,"3"
"1871",4021,"3"
"1872",4024,"1"
"1873",4026,"1"
"1874",4027,"1"
"1875",4028,"2"
"1876",4029,"2"
"1877",4031,"1"
"1878",4034,"1"
"1879",4040,"1"
"1880",4044,"1"
"1881",4045,"3"
"1882",4047,"1"
"1883",4048,"3"
"1884",4049,"1"
"1885",4052,"1"
"1886",4054,"1"
"1887",4055,"2"
"1888",4056,"2"
"1889",4058,"1"
"1890",4060,"3"
"1891",4061,"1"
"1892",4063,"1"
"1893",4064,"1"
"1894",4065,"1"
"1895",4066,"1"
"1896",4067,"3"
"1897",4071,"3"
"1898",4073,"1"
"1899",4074,"1"
"1900",4079,"1"
"1901",4081,"3"
"1902",4082,"3"
"1903",4085,"3"
"1904",4086,"3"
"1905",4088,"3"
"1906",4089,"3"
"1907",4094,"1"
"1908",4095,"2"
"1909",4104,"1"
"1910",4105,"3"
"1911",4106,"3"
"1912",4109,"2"
"1913",4113,"2"
"1914",4114,"3"
"1915",4118,"1"
"1916",4119,"1"
"1917",4120,"3"
"1918",4121,"1"
"1919",4124,"1"
"1920",4125,"1"
"1921",4128,"1"
"1922",4131,"1"
"1923",4133,"2"
"1924",4134,"1"
"1925",4136,"1"
"1926",4138,"3"
"1927",4141,"2"
"1928",4143,"1"
"1929",4146,"1"
"1930",4150,"1"
"1931",4151,"3"
"1932",4154,"2"
"1933",4155,"1"
"1934",4156,"1"
"1935",4158,"1"
"1936",4160,"3"
"1937",4161,"1"
"1938",4162,"1"
"1939",4163,"3"
"1940",4164,"3"
"1941",4165,"1"
"1942",4166,"1"
"1943",4169,"3"
"1944",4171,"1"
"1945",4175,"1"
"1946",4176,"3"
"1947",4180,"1"
"1948",4181,"1"
"1949",4182,"1"
"1950",4183,"1"
"1951",4185,"2"
"1952",4186,"2"
"1953",4188,"1"
"1954",4189,"1"
"1955",4192,"2"
"1956",4194,"1"
"1957",4196,"1"
"1958",4198,"3"
"1959",4201,"1"
"1960",4202,"3"
"1961",4203,"3"
"1962",4204,"1"
"1963",4206,"3"
"1964",4207,"1"
"1965",4208,"3"
"1966",4209,"2"
"1967",4210,"2"
"1968",4211,"2"
"1969",4213,"3"
"1970",4214,"3"
"1971",4216,"1"
"1972",4217,"3"
"1973",4221,"1"
"1974",4222,"1"
"1975",4223,"1"
"1976",4229,"2"
"1977",4230,"2"
"1978",4231,"1"
"1979",4238,"3"
"1980",4239,"3"
"1981",4240,"1"
"1982",4243,"1"
"1983",4246,"3"
"1984",4247,"1"
"1985",4250,"1"
"1986",4251,"1"
"1987",4252,"1"
"1988",4254,"1"
"1989",4262,"3"
"1990",4263,"1"
"1991",4264,"3"
"1992",4265,"3"
"1993",4269,"3"
"1994",4270,"3"
"1995",4271,"1"
"1996",4272,"3"
"1997",4276,"1"
"1998",4284,"1"
"1999",4286,"2"
"2000",4289,"1"
"2001",4291,"3"
"2002",4292,"3"
"2003",4294,"3"
"2004",4298,"1"
"2005",4303,"3"
"2006",4304,"1"
"2007",4306,"1"
"2008",4307,"3"
"2009",4310,"3"
"2010",4311,"3"
"2011",4313,"1"
"2012",4314,"3"
"2013",4319,"1"
"2014",4320,"2"
"2015",4324,"3"
"2016",4325,"1"
"2017",4326,"2"
"2018",4327,"3"
"2019",4329,"3"
"2020",4331,"1"
"2021",4333,"1"
"2022",4335,"3"
"2023",4336,"2"
"2024",4338,"3"
"2025",4339,"1"
"2026",4340,"1"
"2027",4342,"1"
"2028",4343,"2"
"2029",4344,"3"
"2030",4345,"1"
"2031",4347,"3"
"2032",4348,"2"
"2033",4349,"1"
"2034",4352,"2"
"2035",4353,"1"
"2036",4354,"3"
"2037",4355,"1"
"2038",4358,"3"
"2039",4359,"3"
"2040",4360,"1"
"2041",4363,"1"
"2042",4371,"3"
"2043",4372,"1"
"2044",4373,"1"
"2045",4374,"1"
"2046",4375,"1"
"2047",4376,"1"
"2048",4380,"1"
"2049",4381,"2"
"2050",4384,"3"
"2051",4385,"1"
"2052",4387,"2"
"2053",4388,"3"
"2054",4389,"2"
"2055",4390,"1"
"2056",4391,"3"
"2057",4393,"3"
"2058",4394,"3"
"2059",4395,"2"
"2060",4399,"1"
"2061",4401,"1"
"2062",4402,"3"
"2063",4403,"1"
"2064",4404,"1"
"2065",4405,"1"
"2066",4406,"1"
"2067",4408,"3"
"2068",4409,"1"
"2069",4410,"3"
"2070",4415,"3"
"2071",4417,"3"
"2072",4424,"2"
"2073",4437,"1"
"2074",4439,"3"
"2075",4440,"3"
"2076",4444,"2"
"2077",4446,"1"
"2078",4447,"2"
"2079",4450,"2"
"2080",4451,"3"
"2081",4453,"3"
"2082",4455,"1"
"2083",4458,"3"
"2084",4461,"3"
"2085",4467,"1"
"2086",4468,"3"
"2087",4470,"1"
"2088",4471,"3"
"2089",4474,"1"
"2090",4480,"1"
"2091",4483,"3"
"2092",4489,"2"
"2093",4490,"3"
"2094",4492,"1"
"2095",4493,"3"
"2096",4495,"2"
"2097",4496,"3"
"2098",4497,"1"
"2099",4499,"1"
"2100",4500,"3"
"2101",4503,"1"
"2102",4506,"2"
"2103",4509,"3"
"2104",4510,"3"
"2105",4511,"2"
"2106",4512,"3"
"2107",4516,"1"
"2108",4517,"3"
"2109",4519,"3"
"2110",4520,"3"
"2111",4523,"1"
"2112",4525,"1"
"2113",4529,"3"
"2114",4530,"3"
"2115",4533,"3"
"2116",4535,"1"
"2117",4538,"3"
"2118",4539,"3"
"2119",4540,"1"
"2120",4542,"1"
"2121",4543,"3"
"2122",4544,"3"
"2123",4545,"2"
"2124",4546,"1"
"2125",4547,"1"
"2126",4549,"1"
"2127",4550,"2"
"2128",4551,"1"
"2129",4553,"1"
"2130",4559,"1"
"2131",4565,"1"
"2132",4570,"3"
"2133",4573,"3"
"2134",4579,"1"
"2135",4581,"1"
"2136",4584,"3"
"2137",4585,"1"
"2138",4588,"3"
"2139",4589,"3"
"2140",4591,"3"
"2141",4592,"3"
"2142",4596,"1"
"2143",4597,"3"
"2144",4598,"1"
"2145",4602,"1"
"2146",4603,"1"
"2147",4605,"3"
"2148",4606,"2"
"2149",4609,"1"
"2150",4612,"1"
"2151",4613,"3"
"2152",4615,"3"
"2153",4617,"2"
"2154",4619,"3"
"2155",4622,"3"
"2156",4623,"3"
"2157",4624,"1"
"2158",4631,"1"
"2159",4632,"3"
"2160",4634,"1"
"2161",4635,"2"
"2162",4636,"3"
"2163",4638,"3"
"2164",4640,"2"
"2165",4645,"1"
"2166",4646,"3"
"2167",4647,"1"
"2168",4649,"3"
"2169",4651,"1"
"2170",4654,"3"
"2171",4656,"3"
"2172",4658,"3"
"2173",4659,"1"
"2174",4660,"1"
"2175",4661,"2"
"2176",4664,"3"
"2177",4665,"1"
"2178",4667,"1"
"2179",4669,"1"
"2180",4673,"2"
"2181",4674,"1"
"2182",4677,"1"
"2183",4679,"1"
"2184",4684,"1"
"2185",4685,"1"
"2186",4686,"1"
"2187",4688,"3"
"2188",4691,"2"
"2189",4697,"1"
"2190",4699,"2"
"2191",4702,"1"
"2192",4706,"1"
"2193",4707,"3"
"2194",4710,"3"
"2195",4712,"3"
"2196",4713,"3"
"2197",4715,"2"
"2198",4716,"1"
"2199",4718,"2"
"2200",4719,"1"
"2201",4721,"2"
"2202",4722,"3"
"2203",4725,"2"
"2204",4727,"2"
"2205",4736,"1"
"2206",4739,"3"
"2207",4741,"3"
"2208",4742,"3"
"2209",4745,"3"
"2210",4748,"3"
"2211",4751,"1"
"2212",4752,"1"
"2213",4753,"1"
"2214",4755,"1"
"2215",4756,"2"
"2216",4757,"1"
"2217",4763,"2"
"2218",4766,"3"
"2219",4767,"3"
"2220",4769,"2"
"2221",4771,"3"
"2222",4775,"1"
"2223",4776,"2"
"2224",4777,"3"
"2225",4780,"1"
"2226",4781,"3"
"2227",4783,"1"
"2228",4784,"3"
"2229",4786,"3"
"2230",4788,"3"
"2231",4794,"2"
"2232",4799,"1"
"2233",4800,"1"
"2234",4801,"3"
"2235",4803,"3"
"2236",4805,"1"
"2237",4807,"2"
"2238",4809,"1"
"2239",4810,"1"
"2240",4812,"3"
"2241",4813,"2"
"2242",4815,"1"
"2243",4817,"3"
"2244",4818,"1"
"2245",4819,"2"
"2246",4821,"2"
"2247",4822,"2"
"2248",4823,"2"
"2249",4825,"3"
"2250",4826,"2"
"2251",4827,"1"
"2252",4831,"2"
"2253",4833,"2"
"2254",4834,"3"
"2255",4837,"3"
"2256",4839,"1"
"2257",4840,"1"
"2258",4841,"3"
"2259",4843,"3"
"2260",4844,"1"
"2261",4845,"3"
"2262",4846,"2"
"2263",4848,"3"
"2264",4850,"1"
"2265",4852,"1"
"2266",4853,"3"
"2267",4854,"1"
"2268",4855,"3"
"2269",4856,"2"
"2270",4858,"2"
"2271",4864,"1"
"2272",4866,"1"
"2273",4873,"1"
"2274",4874,"2"
"2275",4877,"1"
"2276",4882,"2"
"2277",4883,"3"
"2278",4884,"1"
"2279",4887,"3"
"2280",4888,"3"
"2281",4889,"1"
"2282",4895,"1"
"2283",4897,"1"
"2284",4900,"1"
"2285",4902,"2"
"2286",4903,"3"
"2287",4904,"3"
"2288",4905,"1"
"2289",4906,"1"
"2290",4910,"3"
"2291",4912,"1"
"2292",4913,"1"
"2293",4914,"1"
"2294",4918,"3"
"2295",4919,"3"
"2296",4921,"3"
"2297",4922,"2"
"2298",4923,"3"
"2299",4926,"2"
"2300",4928,"3"
"2301",4930,"3"
"2302",4931,"1"
"2303",4934,"1"
"2304",4935,"1"
"2305",4936,"3"
"2306",4942,"1"
"2307",4943,"2"
"2308",4946,"2"
"2309",4947,"3"
"2310",4949,"1"
"2311",4953,"1"
"2312",4955,"1"
"2313",4956,"3"
"2314",4962,"2"
"2315",4963,"1"
"2316",4966,"1"
"2317",4967,"3"
"2318",4968,"1"
"2319",4969,"1"
"2320",4972,"1"
"2321",4974,"2"
"2322",4977,"3"
"2323",4978,"3"
"2324",4981,"1"
"2325",4982,"3"
"2326",4983,"1"
"2327",4984,"3"
"2328",4988,"1"
"2329",4989,"1"
"2330",4991,"3"
"2331",4994,"3"
"2332",4997,"2"
"2333",4999,"2"
"2334",5006,"3"
"2335",5007,"3"
"2336",5013,"2"
"2337",5017,"3"
"2338",5019,"3"
"2339",5020,"1"
"2340",5021,"1"
"2341",5023,"2"
"2342",5025,"1"
"2343",5028,"1"
"2344",5029,"2"
"2345",5032,"3"
"2346",5033,"2"
"2347",5034,"1"
"2348",5038,"1"
"2349",5039,"3"
"2350",5041,"1"
"2351",5042,"2"
"2352",5043,"3"
"2353",5044,"3"
"2354",5045,"1"
"2355",5047,"3"
"2356",5048,"3"
"2357",5049,"3"
"2358",5050,"3"
"2359",5055,"2"
"2360",5060,"3"
"2361",5063,"3"
"2362",5067,"1"
"2363",5069,"1"
"2364",5070,"1"
"2365",5073,"2"
"2366",5075,"3"
"2367",5079,"1"
"2368",5080,"3"
"2369",5082,"3"
"2370",5084,"3"
"2371",5085,"2"
"2372",5086,"2"
"2373",5089,"1"
"2374",5093,"1"
"2375",5094,"3"
"2376",5095,"2"
"2377",5097,"2"
"2378",5099,"3"
"2379",5100,"3"
"2380",5102,"2"
"2381",5104,"2"
"2382",5105,"1"
"2383",5106,"1"
"2384",5107,"2"
"2385",5113,"3"
"2386",5115,"1"
"2387",5117,"3"
"2388",5122,"1"
"2389",5130,"3"
"2390",5131,"3"
"2391",5132,"3"
"2392",5135,"2"
"2393",5137,"3"
"2394",5138,"2"
"2395",5139,"1"
"2396",5140,"2"
"2397",5142,"3"
"2398",5144,"3"
"2399",5145,"1"
"2400",5148,"3"
"2401",5152,"3"
"2402",5157,"3"
"2403",5159,"2"
"2404",5162,"2"
"2405",5165,"1"
"2406",5167,"3"
"2407",5169,"1"
"2408",5171,"2"
"2409",5172,"1"
"2410",5173,"1"
"2411",5174,"3"
"2412",5175,"1"
"2413",5179,"1"
"2414",5180,"3"
"2415",5181,"1"
"2416",5182,"3"
"2417",5183,"1"
"2418",5184,"1"
"2419",5186,"3"
"2420",5187,"1"
"2421",5190,"3"
"2422",5191,"1"
"2423",5192,"1"
"2424",5193,"2"
"2425",5194,"3"
"2426",5197,"1"
"2427",5198,"1"
"2428",5202,"1"
"2429",5203,"3"
"2430",5207,"1"
"2431",5208,"2"
"2432",5217,"3"
"2433",5218,"1"
"2434",5219,"1"
"2435",5220,"1"
"2436",5224,"3"
"2437",5227,"1"
"2438",5230,"3"
"2439",5233,"1"
"2440",5235,"1"
"2441",5237,"1"
"2442",5239,"2"
"2443",5240,"3"
"2444",5241,"1"
"2445",5242,"2"
"2446",5243,"1"
"2447",5245,"3"
"2448",5247,"3"
"2449",5251,"2"
"2450",5252,"3"
"2451",5253,"2"
"2452",5254,"1"
"2453",5256,"2"
"2454",5257,"3"
"2455",5260,"3"
"2456",5261,"1"
"2457",5262,"3"
"2458",5264,"3"
"2459",5265,"3"
"2460",5266,"3"
"2461",5272,"3"
"2462",5274,"2"
"2463",5282,"1"
"2464",5284,"1"
"2465",5286,"1"
"2466",5287,"3"
"2467",5288,"1"
"2468",5291,"2"
"2469",5292,"1"
"2470",5293,"3"
"2471",5297,"1"
"2472",5298,"1"
"2473",5299,"3"
"2474",5302,"3"
"2475",5303,"2"
"2476",5304,"2"
"2477",5305,"3"
"2478",5309,"2"
"2479",5310,"3"
"2480",5313,"3"
"2481",5315,"1"
"2482",5321,"1"
"2483",5322,"1"
"2484",5325,"1"
"2485",5327,"3"
"2486",5329,"1"
"2487",5330,"1"
"2488",5331,"1"
"2489",5333,"1"
"2490",5336,"3"
"2491",5339,"1"
"2492",5340,"2"
"2493",5341,"3"
"2494",5342,"1"
"2495",5344,"1"
"2496",5345,"1"
"2497",5346,"1"
"2498",5347,"1"
"2499",5348,"1"
"2500",5349,"3"
"2501",5351,"1"
"2502",5353,"3"
"2503",5355,"1"
"2504",5356,"1"
"2505",5357,"2"
"2506",5358,"2"
"2507",5360,"2"
"2508",5362,"2"
"2509",5363,"3"
"2510",5364,"1"
"2511",5365,"3"
"2512",5368,"3"
"2513",5369,"1"
"2514",5370,"1"
"2515",5371,"1"
"2516",5373,"1"
"2517",5374,"2"
"2518",5375,"1"
"2519",5377,"2"
"2520",5378,"3"
"2521",5379,"3"
"2522",5382,"3"
"2523",5385,"2"
"2524",5387,"3"
"2525",5389,"3"
"2526",5391,"3"
"2527",5395,"3"
"2528",5397,"1"
"2529",5404,"2"
"2530",5405,"1"
"2531",5406,"3"
"2532",5407,"3"
"2533",5408,"1"
"2534",5409,"3"
"2535",5410,"1"
"2536",5411,"3"
"2537",5412,"1"
"2538",5413,"1"
"2539",5414,"2"
"2540",5416,"2"
"2541",5417,"3"
"2542",5420,"2"
"2543",5423,"2"
"2544",5424,"2"
"2545",5426,"1"
"2546",5430,"3"
"2547",5431,"2"
"2548",5432,"3"
"2549",5433,"1"
"2550",5434,"1"
"2551",5437,"3"
"2552",5438,"2"
"2553",5442,"1"
"2554",5443,"2"
"2555",5444,"3"
"2556",5445,"1"
"2557",5446,"1"
"2558",5449,"2"
"2559",5451,"2"
"2560",5452,"3"
"2561",5455,"2"
"2562",5456,"1"
"2563",5458,"3"
"2564",5460,"3"
"2565",5462,"1"
"2566",5463,"1"
"2567",5465,"3"
"2568",5467,"3"
"2569",5471,"2"
"2570",5472,"2"
"2571",5478,"3"
"2572",5479,"1"
"2573",5481,"1"
"2574",5482,"1"
"2575",5489,"3"
"2576",5490,"1"
"2577",5492,"3"
"2578",5493,"1"
"2579",5494,"1"
"2580",5496,"1"
"2581",5497,"3"
"2582",5498,"2"
"2583",5499,"3"
"2584",5501,"2"
"2585",5502,"3"
"2586",5504,"3"
"2587",5507,"1"
"2588",5509,"2"
"2589",5510,"2"
"2590",5518,"2"
"2591",5520,"3"
"2592",5521,"1"
"2593",5522,"3"
"2594",5523,"3"
"2595",5524,"3"
"2596",5526,"1"
"2597",5529,"3"
"2598",5530,"1"
"2599",5532,"1"
"2600",5539,"3"
"2601",5542,"1"
"2602",5543,"1"
"2603",5544,"3"
"2604",5545,"3"
"2605",5547,"3"
"2606",5550,"1"
"2607",5553,"3"
"2608",5554,"1"
"2609",5557,"3"
"2610",5558,"3"
"2611",5559,"3"
"2612",5563,"3"
"2613",5566,"3"
"2614",5567,"3"
"2615",5568,"1"
"2616",5569,"2"
"2617",5571,"1"
"2618",5572,"1"
"2619",5575,"2"
"2620",5577,"2"
"2621",5580,"1"
"2622",5581,"1"
"2623",5584,"3"
"2624",5585,"1"
"2625",5586,"1"
"2626",5587,"1"
"2627",5588,"3"
"2628",5590,"2"
"2629",5591,"1"
"2630",5594,"3"
"2631",5595,"2"
"2632",5596,"1"
"2633",5597,"3"
"2634",5598,"1"
"2635",5602,"1"
"2636",5603,"3"
"2637",5604,"3"
"2638",5605,"2"
"2639",5606,"3"
"2640",5607,"1"
"2641",5608,"3"
"2642",5609,"3"
"2643",5610,"1"
"2644",5612,"1"
"2645",5613,"3"
"2646",5617,"3"
"2647",5620,"1"
"2648",5621,"1"
"2649",5625,"1"
"2650",5626,"2"
"2651",5629,"1"
"2652",5630,"2"
"2653",5631,"2"
"2654",5632,"2"
"2655",5633,"3"
"2656",5636,"3"
"2657",5639,"1"
"2658",5641,"1"
"2659",5643,"3"
"2660",5646,"1"
"2661",5647,"1"
"2662",5648,"2"
"2663",5649,"1"
"2664",5650,"2"
"2665",5652,"1"
"2666",5654,"2"
"2667",5657,"3"
"2668",5658,"2"
"2669",5660,"1"
"2670",5662,"3"
"2671",5665,"1"
"2672",5666,"2"
"2673",5667,"3"
"2674",5668,"3"
"2675",5669,"3"
"2676",5670,"2"
"2677",5671,"3"
"2678",5675,"1"
"2679",5679,"3"
"2680",5681,"3"
"2681",5682,"1"
"2682",5683,"3"
"2683",5685,"2"
"2684",5687,"1"
"2685",5689,"3"
"2686",5690,"3"
"2687",5691,"2"
"2688",5693,"3"
"2689",5696,"1"
"2690",5700,"3"
"2691",5704,"3"
"2692",5706,"3"
"2693",5708,"1"
"2694",5709,"3"
"2695",5710,"3"
"2696",5712,"3"
"2697",5713,"3"
"2698",5714,"2"
"2699",5716,"3"
"2700",5718,"2"
"2701",5720,"3"
"2702",5721,"3"
"2703",5723,"2"
"2704",5726,"3"
"2705",5727,"1"
"2706",5730,"3"
"2707",5732,"1"
"2708",5734,"3"
"2709",5736,"1"
"2710",5745,"1"
"2711",5746,"1"
"2712",5754,"3"
"2713",5755,"2"
"2714",5756,"1"
"2715",5758,"3"
"2716",5759,"1"
"2717",5760,"1"
"2718",5764,"2"
"2719",5766,"1"
"2720",5768,"3"
"2721",5770,"1"
"2722",5773,"2"
"2723",5774,"1"
"2724",5775,"2"
"2725",5777,"3"
"2726",5779,"3"
"2727",5780,"3"
"2728",5782,"1"
"2729",5784,"1"
"2730",5788,"2"
"2731",5791,"3"
"2732",5792,"1"
"2733",5794,"1"
"2734",5795,"1"
"2735",5798,"3"
"2736",5800,"3"
"2737",5801,"1"
"2738",5805,"1"
"2739",5808,"3"
"2740",5809,"3"
"2741",5810,"2"
"2742",5812,"2"
"2743",5813,"3"
"2744",5816,"3"
"2745",5824,"1"
"2746",5826,"3"
"2747",5828,"2"
"2748",5829,"3"
"2749",5830,"2"
"2750",5832,"1"
"2751",5833,"1"
"2752",5834,"1"
"2753",5837,"1"
"2754",5842,"1"
"2755",5843,"1"
"2756",5846,"1"
"2757",5847,"3"
"2758",5848,"1"
"2759",5850,"1"
"2760",5851,"1"
"2761",5852,"3"
"2762",5856,"1"
"2763",5860,"3"
"2764",5861,"1"
"2765",5862,"1"
"2766",5863,"1"
"2767",5864,"3"
"2768",5868,"1"
"2769",5869,"3"
"2770",5871,"2"
"2771",5877,"1"
"2772",5879,"2"
"2773",5885,"3"
"2774",5888,"2"
"2775",5890,"2"
"2776",5891,"3"
"2777",5893,"3"
"2778",5896,"1"
"2779",5897,"3"
"2780",5899,"2"
"2781",5900,"1"
"2782",5901,"2"
"2783",5903,"1"
"2784",5905,"1"
"2785",5908,"2"
"2786",5910,"1"
"2787",5911,"1"
"2788",5912,"1"
"2789",5913,"3"
"2790",5917,"1"
"2791",5918,"2"
"2792",5919,"2"
"2793",5920,"3"
"2794",5922,"3"
"2795",5926,"1"
"2796",5932,"2"
"2797",5933,"3"
"2798",5934,"3"
"2799",5935,"3"
"2800",5937,"2"
"2801",5938,"1"
"2802",5941,"3"
"2803",5944,"2"
"2804",5946,"3"
"2805",5952,"2"
"2806",5958,"1"
"2807",5960,"3"
"2808",5961,"1"
"2809",5963,"1"
"2810",5965,"3"
"2811",5966,"2"
"2812",5967,"2"
"2813",5968,"3"
"2814",5969,"2"
"2815",5972,"1"
"2816",5973,"1"
"2817",5978,"1"
"2818",5979,"3"
"2819",5980,"2"
"2820",5982,"3"
"2821",5984,"2"
"2822",5985,"3"
"2823",5987,"1"
"2824",5988,"1"
"2825",5990,"3"
"2826",5991,"1"
"2827",5992,"2"
"2828",5993,"3"
"2829",5994,"1"
"2830",5996,"3"
"2831",5997,"1"
"2832",5998,"1"
"2833",5999,"1"
"2834",6000,"2"
"2835",6001,"1"
"2836",6003,"2"
"2837",6004,"2"
"2838",6005,"1"
"2839",6009,"2"
"2840",6012,"1"
"2841",6013,"1"
"2842",6015,"3"
"2843",6017,"2"
"2844",6021,"3"
"2845",6024,"2"
"2846",6027,"1"
"2847",6028,"2"
"2848",6029,"3"
"2849",6034,"1"
"2850",6035,"1"
"2851",6036,"1"
"2852",6037,"3"
"2853",6038,"1"
"2854",6039,"3"
"2855",6042,"1"
"2856",6045,"1"
"2857",6046,"3"
"2858",6047,"3"
"2859",6048,"1"
"2860",6049,"1"
"2861",6051,"3"
"2862",6054,"1"
"2863",6062,"3"
"2864",6063,"1"
"2865",6065,"3"
"2866",6066,"3"
"2867",6067,"1"
"2868",6070,"3"
"2869",6072,"1"
"2870",6075,"1"
"2871",6076,"3"
"2872",6078,"2"
"2873",6079,"2"
"2874",6080,"3"
"2875",6081,"3"
"2876",6082,"3"
"2877",6084,"1"
"2878",6086,"1"
"2879",6087,"3"
"2880",6088,"3"
"2881",6093,"1"
"2882",6096,"1"
"2883",6097,"1"
"2884",6098,"1"
"2885",6099,"2"
"2886",6100,"1"
"2887",6104,"3"
"2888",6112,"1"
"2889",6113,"1"
"2890",6115,"3"
"2891",6116,"3"
"2892",6118,"3"
"2893",6119,"2"
"2894",6121,"2"
"2895",6122,"2"
"2896",6127,"3"
"2897",6130,"3"
"2898",6131,"3"
"2899",6132,"3"
"2900",6133,"3"
"2901",6136,"3"
"2902",6138,"1"
"2903",6139,"3"
"2904",6141,"2"
"2905",6144,"2"
"2906",6145,"1"
"2907",6146,"1"
"2908",6147,"3"
"2909",6149,"3"
"2910",6150,"1"
"2911",6151,"1"
"2912",6152,"1"
"2913",6153,"2"
"2914",6156,"3"
"2915",6157,"3"
"2916",6159,"1"
"2917",6160,"3"
"2918",6163,"1"
"2919",6166,"1"
"2920",6167,"3"
"2921",6171,"3"
"2922",6172,"2"
"2923",6181,"1"
"2924",6184,"1"
"2925",6185,"3"
"2926",6186,"1"
"2927",6188,"1"
"2928",6192,"2"
"2929",6194,"3"
"2930",6198,"1"
"2931",6199,"1"
"2932",6201,"3"
"2933",6202,"3"
"2934",6203,"2"
"2935",6204,"3"
"2936",6205,"3"
"2937",6206,"3"
"2938",6208,"2"
"2939",6210,"1"
"2940",6212,"1"
"2941",6213,"3"
"2942",6214,"3"
"2943",6215,"1"
"2944",6217,"2"
"2945",6218,"3"
"2946",6219,"1"
"2947",6220,"1"
"2948",6223,"2"
"2949",6227,"1"
"2950",6229,"1"
"2951",6230,"1"
"2952",6231,"3"
"2953",6232,"2"
"2954",6233,"1"
"2955",6234,"2"
"2956",6236,"3"
"2957",6237,"3"
"2958",6238,"2"
"2959",6243,"1"
"2960",6244,"2"
"2961",6246,"1"
"2962",6248,"3"
"2963",6249,"2"
"2964",6250,"1"
"2965",6251,"1"
"2966",6254,"2"
"2967",6258,"1"
"2968",6260,"1"
"2969",6261,"1"
"2970",6262,"3"
"2971",6263,"3"
"2972",6266,"1"
"2973",6271,"1"
"2974",6273,"1"
"2975",6274,"3"
"2976",6275,"1"
"2977",6276,"1"
"2978",6279,"3"
"2979",6280,"1"
"2980",6281,"3"
"2981",6283,"3"
"2982",6289,"1"
"2983",6291,"3"
"2984",6292,"3"
"2985",6293,"3"
"2986",6294,"2"
"2987",6295,"3"
"2988",6297,"3"
"2989",6303,"2"
"2990",6304,"3"
"2991",6306,"3"
"2992",6307,"2"
"2993",6309,"2"
"2994",6310,"3"
"2995",6311,"1"
"2996",6313,"1"
"2997",6314,"2"
"2998",6316,"1"
"2999",6317,"3"
"3000",6318,"1"
"3001",6319,"3"
"3002",6320,"1"
"3003",6322,"3"
"3004",6324,"1"
"3005",6325,"3"
"3006",6326,"1"
"3007",6327,"3"
"3008",6329,"1"
"3009",6330,"1"
"3010",6331,"1"
"3011",6332,"3"
"3012",6334,"3"
"3013",6335,"1"
"3014",6337,"3"
"3015",6345,"1"
"3016",6349,"1"
"3017",6352,"1"
"3018",6353,"1"
"3019",6356,"1"
"3020",6357,"1"
"3021",6358,"1"
"3022",6359,"1"
"3023",6362,"3"
"3024",6363,"1"
"3025",6364,"3"
"3026",6367,"2"
"3027",6368,"1"
"3028",6372,"1"
"3029",6373,"1"
"3030",6374,"3"
"3031",6376,"3"
"3032",6377,"3"
"3033",6381,"2"
"3034",6382,"3"
"3035",6389,"1"
"3036",6391,"3"
"3037",6392,"3"
"3038",6396,"2"
"3039",6400,"1"
"3040",6401,"3"
"3041",6402,"3"
"3042",6403,"2"
"3043",6404,"3"
"3044",6405,"3"
"3045",6406,"1"
"3046",6409,"1"
"3047",6411,"3"
"3048",6413,"3"
"3049",6414,"1"
"3050",6415,"2"
"3051",6418,"3"
"3052",6422,"1"
"3053",6423,"1"
"3054",6425,"3"
"3055",6428,"1"
"3056",6435,"2"
"3057",6436,"3"
"3058",6438,"3"
"3059",6439,"1"
"3060",6440,"1"
"3061",6441,"1"
"3062",6445,"3"
"3063",6447,"3"
"3064",6449,"1"
"3065",6450,"3"
"3066",6451,"3"
"3067",6453,"1"
"3068",6455,"1"
"3069",6458,"3"
"3070",6459,"3"
"3071",6460,"1"
"3072",6461,"1"
"3073",6464,"1"
"3074",6465,"3"
"3075",6466,"1"
"3076",6467,"2"
"3077",6469,"2"
"3078",6472,"1"
"3079",6473,"3"
"3080",6474,"1"
"3081",6475,"2"
"3082",6476,"2"
"3083",6477,"2"
"3084",6478,"1"
"3085",6480,"1"
"3086",6483,"1"
"3087",6485,"3"
"3088",6486,"1"
"3089",6488,"3"
"3090",6489,"2"
"3091",6491,"3"
"3092",6493,"1"
"3093",6495,"2"
"3094",6497,"3"
"3095",6502,"2"
"3096",6506,"3"
"3097",6507,"2"
"3098",6510,"1"
"3099",6512,"2"
"3100",6519,"1"
"3101",6520,"1"
"3102",6521,"2"
"3103",6522,"2"
"3104",6523,"1"
"3105",6524,"1"
"3106",6525,"1"
"3107",6528,"3"
"3108",6531,"3"
"3109",6535,"2"
"3110",6536,"1"
"3111",6538,"2"
"3112",6539,"3"
"3113",6540,"3"
"3114",6541,"3"
"3115",6542,"1"
"3116",6543,"2"
"3117",6545,"2"
"3118",6547,"3"
"3119",6548,"2"
"3120",6550,"1"
"3121",6551,"3"
"3122",6557,"1"
"3123",6560,"2"
"3124",6561,"1"
"3125",6562,"3"
"3126",6565,"3"
"3127",6569,"1"
"3128",6570,"3"
"3129",6572,"1"
"3130",6577,"3"
"3131",6580,"2"
"3132",6583,"1"
"3133",6588,"1"
"3134",6590,"1"
"3135",6594,"2"
"3136",6597,"1"
"3137",6602,"1"
"3138",6604,"3"
"3139",6606,"2"
"3140",6609,"2"
"3141",6611,"3"
"3142",6612,"3"
"3143",6613,"1"
"3144",6614,"1"
"3145",6615,"1"
"3146",6616,"1"
"3147",6617,"3"
"3148",6620,"3"
"3149",6621,"1"
"3150",6622,"1"
"3151",6623,"1"
"3152",6628,"3"
"3153",6632,"3"
"3154",6633,"3"
"3155",6636,"3"
"3156",6638,"3"
"3157",6639,"1"
"3158",6640,"3"
"3159",6642,"3"
"3160",6643,"1"
"3161",6644,"3"
"3162",6646,"2"
"3163",6647,"1"
"3164",6649,"3"
"3165",6652,"3"
"3166",6654,"1"
"3167",6656,"1"
"3168",6657,"3"
"3169",6660,"1"
"3170",6661,"2"
"3171",6662,"3"
"3172",6663,"3"
"3173",6664,"3"
"3174",6669,"2"
"3175",6670,"3"
"3176",6675,"1"
"3177",6676,"1"
"3178",6677,"3"
"3179",6678,"3"
"3180",6679,"2"
"3181",6680,"1"
"3182",6681,"3"
"3183",6683,"1"
"3184",6688,"1"
"3185",6689,"3"
"3186",6690,"3"
"3187",6694,"1"
"3188",6695,"1"
"3189",6696,"1"
"3190",6697,"1"
"3191",6698,"2"
"3192",6699,"3"
"3193",6701,"1"
"3194",6702,"1"
"3195",6705,"2"
"3196",6706,"3"
"3197",6707,"1"
"3198",6708,"1"
"3199",6710,"3"
"3200",6712,"1"
"3201",6713,"1"
"3202",6714,"1"
"3203",6715,"1"
"3204",6717,"3"
"3205",6720,"3"
"3206",6721,"1"
"3207",6722,"1"
"3208",6724,"3"
"3209",6726,"2"
"3210",6727,"1"
"3211",6732,"2"
"3212",6733,"1"
"3213",6734,"1"
"3214",6735,"3"
"3215",6736,"3"
"3216",6738,"2"
"3217",6739,"3"
"3218",6740,"3"
"3219",6741,"2"
"3220",6743,"1"
"3221",6745,"2"
"3222",6749,"1"
"3223",6750,"1"
"3224",6751,"1"
"3225",6752,"2"
"3226",6753,"3"
"3227",6755,"3"
"3228",6756,"1"
"3229",6757,"3"
"3230",6760,"2"
"3231",6764,"2"
"3232",6767,"2"
"3233",6768,"3"
"3234",6769,"2"
"3235",6771,"3"
"3236",6773,"1"
"3237",6774,"3"
"3238",6776,"3"
"3239",6777,"1"
"3240",6780,"1"
"3241",6782,"2"
"3242",6792,"3"
"3243",6793,"3"
"3244",6795,"1"
"3245",6798,"1"
"3246",6799,"1"
"3247",6800,"2"
"3248",6804,"3"
"3249",6807,"1"
"3250",6812,"1"
"3251",6814,"1"
"3252",6817,"3"
"3253",6820,"2"
"3254",6821,"1"
"3255",6824,"2"
"3256",6826,"1"
"3257",6828,"3"
"3258",6834,"2"
"3259",6837,"1"
"3260",6838,"3"
"3261",6839,"3"
"3262",6840,"2"
"3263",6843,"1"
"3264",6844,"1"
"3265",6845,"3"
"3266",6846,"1"
"3267",6848,"1"
"3268",6850,"2"
"3269",6851,"1"
"3270",6858,"3"
"3271",6859,"1"
"3272",6860,"2"
"3273",6864,"2"
